{
"lengthUnit": "mil",
"components": {
	"fields": ["COMPONENT_NO", "COMPONENT_NAME", "LAYER", "X_COORDINATE", "Y_COORDINATE", "ANGLE"],
	"rows": [
		[1, "BATTERY_CONNECTOR", "T", 105, -55, 0],
		[2, "D1", "T", 470, -90, 180],
		[3, "D2", "T", 235, -2075, 90],
		[4, "ESPNOW_LED_CONNECTOR", "T", 130, -260, 270],
		[5, "H2", "T", 1305, -2645, 180],
		[6, "H3", "T", 1860, -2595, 270],
		[7, "H4", "T", 1990, -2595, 270],
		[8, "H5", "T", 1305, -2525, 0],
		[9, "MOTOR_A_CONNECTOR", "T", 1905, -130, 180],
		[10, "MOTOR_B_CONNECTOR", "T", 1590, -130, 180],
		[11, "POWER_LED_CONNECTOR", "T", 130, -525, 270],
		[12, "Q1", "T", 1300, -460, 180],
		[13, "Q2", "T", 1614.66, -2196.55, 270],
		[14, "Q3", "T", 1614.66, -1976.55, 270],
		[15, "Q4", "T", 1614.66, -1756.55, 270],
		[16, "Q5", "T", 1614.66, -1536.55, 270],
		[17, "R1", "T", 590, -425, 270],
		[18, "R2", "T", 470, -425, 270],
		[19, "R3", "T", 350, -425, 90],
		[20, "R4", "T", 394.66, -991.55, 180],
		[21, "R5", "T", 394.66, -856.55, 0],
		[22, "R6", "T", 1304.66, -2251.55, 0],
		[23, "R7", "T", 1304.66, -2141.55, 180],
		[24, "R8", "T", 1304.66, -2031.55, 0],
		[25, "R9", "T", 1304.66, -1921.55, 180],
		[26, "R10", "T", 1304.66, -1811.55, 0],
		[27, "R11", "T", 1304.66, -1701.55, 180],
		[28, "R12", "T", 1304.66, -1591.55, 0],
		[29, "R13", "T", 1304.66, -1481.55, 180],
		[30, "SWITCH_CONNECTOR", "T", 810, -130, 180],
		[31, "U1", "T", 1205, -145, 0],
		[32, "U2", "T", 895, -465, 180],
		[33, "U3", "T", 1524.66, -1011.55, 0],
		[34, "U5", "T", 54.66, -1556.55, 270],
		[35, "U6", "T", 954.64, -1556.55, 90],
		[36, "U7", "T", 1685, -2585, 270],
		[37, "U8", "T", 925, -2585, 90]
	]
},
"pins": {
	"fields": ["PIN_NO", "PIN_NAME", "PIN_X", "PIN_Y", "LAYER", "PIN_TYPE", "NET_NAME", "NET_TYPE", "PAD_SHAPE", "PAD_SIZEX", "PAD_SIZEY", "HOLE_SIZE", "PAD_ANGLE"],
	"rows": [
		[1, "BATTERY_CONNECTOR_1", 55, -55, "T", "DIP", "GND", "GND", "R", 78.74, 78.74, 47.24, 0],
		[2, "BATTERY_CONNECTOR_1", 55, -55, "B", "DIP", "GND", "GND", "R", 78.74, 78.74, 47.24, 0],
		[3, "BATTERY_CONNECTOR_2", 155, -55, "T", "DIP", "$1N457", "", "C", 78.74, 78.74, 47.24, 0],
		[4, "BATTERY_CONNECTOR_2", 155, -55, "B", "DIP", "$1N457", "", "C", 78.74, 78.74, 47.24, 0],
		[5, "D1_1", 641.26, -90, "T", "DIP", "$1N11580", "", "C", 70.87, 70.87, 39.37, 180],
		[6, "D1_1", 641.26, -90, "B", "DIP", "$1N11580", "", "C", 70.87, 70.87, 39.37, 180],
		[7, "D1_2", 298.74, -90, "T", "DIP", "$1N457", "", "C", 70.87, 70.87, 39.37, 180],
		[8, "D1_2", 298.74, -90, "B", "DIP", "$1N457", "", "C", 70.87, 70.87, 39.37, 180],
		[9, "D2_1", 235, -2246.26, "T", "DIP", "$1N11035", "", "C", 70.87, 70.87, 39.37, 90],
		[10, "D2_1", 235, -2246.26, "B", "DIP", "$1N11035", "", "C", 70.87, 70.87, 39.37, 90],
		[11, "D2_2", 235, -1903.74, "T", "DIP", "+5V", "", "C", 70.87, 70.87, 39.37, 90],
		[12, "D2_2", 235, -1903.74, "B", "DIP", "+5V", "", "C", 70.87, 70.87, 39.37, 90],
		[13, "ESPNOW_LED_CONNECTOR_1", 130, -210, "T", "DIP", "$1N17035", "", "R", 70.87, 70.87, 47.24, 270],
		[14, "ESPNOW_LED_CONNECTOR_1", 130, -210, "B", "DIP", "$1N17035", "", "R", 70.87, 70.87, 47.24, 270],
		[15, "ESPNOW_LED_CONNECTOR_2", 130, -310, "T", "DIP", "GND", "GND", "C", 70.87, 70.87, 47.24, 270],
		[16, "ESPNOW_LED_CONNECTOR_2", 130, -310, "B", "DIP", "GND", "GND", "C", 70.87, 70.87, 47.24, 270],
		[17, "H2_1", 1455, -2645, "T", "DIP", "$1N14884", "", "R", 66.93, 66.93, 43.31, 180],
		[18, "H2_1", 1455, -2645, "B", "DIP", "$1N14884", "", "R", 66.93, 66.93, 43.31, 180],
		[19, "H2_2", 1355, -2645, "T", "DIP", "$1N14889", "", "C", 66.93, 66.93, 43.31, 180],
		[20, "H2_2", 1355, -2645, "B", "DIP", "$1N14889", "", "C", 66.93, 66.93, 43.31, 180],
		[21, "H2_3", 1255, -2645, "T", "DIP", "$1N14895", "", "C", 66.93, 66.93, 43.31, 180],
		[22, "H2_3", 1255, -2645, "B", "DIP", "$1N14895", "", "C", 66.93, 66.93, 43.31, 180],
		[23, "H2_4", 1155, -2645, "T", "DIP", "$1N14901", "", "C", 66.93, 66.93, 43.31, 180],
		[24, "H2_4", 1155, -2645, "B", "DIP", "$1N14901", "", "C", 66.93, 66.93, 43.31, 180],
		[25, "H3_1", 1860, -2445, "T", "DIP", "GND", "GND", "R", 66.93, 66.93, 43.31, 270],
		[26, "H3_1", 1860, -2445, "B", "DIP", "GND", "GND", "R", 66.93, 66.93, 43.31, 270],
		[27, "H3_2", 1860, -2545, "T", "DIP", "GND", "GND", "C", 66.93, 66.93, 43.31, 270],
		[28, "H3_2", 1860, -2545, "B", "DIP", "GND", "GND", "C", 66.93, 66.93, 43.31, 270],
		[29, "H3_3", 1860, -2645, "T", "DIP", "GND", "GND", "C", 66.93, 66.93, 43.31, 270],
		[30, "H3_3", 1860, -2645, "B", "DIP", "GND", "GND", "C", 66.93, 66.93, 43.31, 270],
		[31, "H3_4", 1860, -2745, "T", "DIP", "GND", "GND", "C", 66.93, 66.93, 43.31, 270],
		[32, "H3_4", 1860, -2745, "B", "DIP", "GND", "GND", "C", 66.93, 66.93, 43.31, 270],
		[33, "H4_1", 1990, -2445, "T", "DIP", "+5V", "", "R", 66.93, 66.93, 43.31, 270],
		[34, "H4_1", 1990, -2445, "B", "DIP", "+5V", "", "R", 66.93, 66.93, 43.31, 270],
		[35, "H4_2", 1990, -2545, "T", "DIP", "+5V", "", "C", 66.93, 66.93, 43.31, 270],
		[36, "H4_2", 1990, -2545, "B", "DIP", "+5V", "", "C", 66.93, 66.93, 43.31, 270],
		[37, "H4_3", 1990, -2645, "T", "DIP", "+5V", "", "C", 66.93, 66.93, 43.31, 270],
		[38, "H4_3", 1990, -2645, "B", "DIP", "+5V", "", "C", 66.93, 66.93, 43.31, 270],
		[39, "H4_4", 1990, -2745, "T", "DIP", "+5V", "", "C", 66.93, 66.93, 43.31, 270],
		[40, "H4_4", 1990, -2745, "B", "DIP", "+5V", "", "C", 66.93, 66.93, 43.31, 270],
		[41, "H5_1", 1055, -2525, "T", "DIP", "$1N14466", "", "R", 70.87, 70.87, 40.16, 0],
		[42, "H5_1", 1055, -2525, "B", "DIP", "$1N14466", "", "R", 70.87, 70.87, 40.16, 0],
		[43, "H5_2", 1155, -2525, "T", "DIP", "$1N14464", "", "C", 62.99, 62.99, 40.16, 0],
		[44, "H5_2", 1155, -2525, "B", "DIP", "$1N14464", "", "C", 62.99, 62.99, 40.16, 0],
		[45, "H5_3", 1255, -2525, "T", "DIP", "$1N17013", "", "C", 62.99, 62.99, 40.16, 0],
		[46, "H5_3", 1255, -2525, "B", "DIP", "$1N17013", "", "C", 62.99, 62.99, 40.16, 0],
		[47, "H5_4", 1355, -2525, "T", "DIP", "$1N14460", "", "C", 62.99, 62.99, 40.16, 0],
		[48, "H5_4", 1355, -2525, "B", "DIP", "$1N14460", "", "C", 62.99, 62.99, 40.16, 0],
		[49, "H5_5", 1455, -2525, "T", "DIP", "$1N14458", "", "C", 62.99, 62.99, 40.16, 0],
		[50, "H5_5", 1455, -2525, "B", "DIP", "$1N14458", "", "C", 62.99, 62.99, 40.16, 0],
		[51, "H5_6", 1555, -2525, "T", "DIP", "$1N14456", "", "C", 62.99, 62.99, 40.16, 0],
		[52, "H5_6", 1555, -2525, "B", "DIP", "$1N14456", "", "C", 62.99, 62.99, 40.16, 0],
		[53, "MOTOR_A_CONNECTOR_1", 1955, -130, "T", "DIP", "$1N11647", "", "R", 70.87, 70.87, 47.24, 180],
		[54, "MOTOR_A_CONNECTOR_1", 1955, -130, "B", "DIP", "$1N11647", "", "R", 70.87, 70.87, 47.24, 180],
		[55, "MOTOR_A_CONNECTOR_2", 1855, -130, "T", "DIP", "$1N11652", "", "C", 70.87, 70.87, 47.24, 180],
		[56, "MOTOR_A_CONNECTOR_2", 1855, -130, "B", "DIP", "$1N11652", "", "C", 70.87, 70.87, 47.24, 180],
		[57, "MOTOR_B_CONNECTOR_1", 1640, -130, "T", "DIP", "$1N11623", "", "R", 70.87, 70.87, 47.24, 180],
		[58, "MOTOR_B_CONNECTOR_1", 1640, -130, "B", "DIP", "$1N11623", "", "R", 70.87, 70.87, 47.24, 180],
		[59, "MOTOR_B_CONNECTOR_2", 1540, -130, "T", "DIP", "$1N11617", "", "C", 70.87, 70.87, 47.24, 180],
		[60, "MOTOR_B_CONNECTOR_2", 1540, -130, "B", "DIP", "$1N11617", "", "C", 70.87, 70.87, 47.24, 180],
		[61, "POWER_LED_CONNECTOR_1", 130, -475, "T", "DIP", "$1N17025", "", "R", 70.87, 70.87, 47.24, 270],
		[62, "POWER_LED_CONNECTOR_1", 130, -475, "B", "DIP", "$1N17025", "", "R", 70.87, 70.87, 47.24, 270],
		[63, "POWER_LED_CONNECTOR_2", 130, -575, "T", "DIP", "GND", "GND", "C", 70.87, 70.87, 47.24, 270],
		[64, "POWER_LED_CONNECTOR_2", 130, -575, "B", "DIP", "GND", "GND", "C", 70.87, 70.87, 47.24, 270],
		[65, "Q1_1", 1300, -560, "T", "DIP", "$1N1221", "", "R", 78.74, 98.42, 51.18, 90],
		[66, "Q1_1", 1300, -560, "B", "DIP", "$1N1221", "", "R", 78.74, 98.42, 51.18, 90],
		[67, "Q1_2", 1300, -460, "T", "DIP", "BATT_SUPPLY", "", "O", 78.74, 98.42, 51.18, 90],
		[68, "Q1_2", 1300, -460, "B", "DIP", "BATT_SUPPLY", "", "O", 78.74, 98.42, 51.18, 90],
		[69, "Q1_3", 1300, -360, "T", "DIP", "+5V", "", "O", 78.74, 98.42, 51.18, 90],
		[70, "Q1_3", 1300, -360, "B", "DIP", "+5V", "", "O", 78.74, 98.42, 51.18, 90],
		[71, "Q2_1", 1614.66, -2146.55, "T", "DIP", "$1N11419", "", "R", 35.43, 62.99, 27.56, 270],
		[72, "Q2_1", 1614.66, -2146.55, "B", "DIP", "$1N11419", "", "R", 35.43, 62.99, 27.56, 270],
		[73, "Q2_2", 1614.66, -2196.55, "T", "DIP", "$1N10175", "", "O", 35.43, 62.99, 27.56, 270],
		[74, "Q2_2", 1614.66, -2196.55, "B", "DIP", "$1N10175", "", "O", 35.43, 62.99, 27.56, 270],
		[75, "Q2_3", 1614.66, -2246.55, "T", "DIP", "GND", "GND", "O", 35.43, 62.99, 27.56, 270],
		[76, "Q2_3", 1614.66, -2246.55, "B", "DIP", "GND", "GND", "O", 35.43, 62.99, 27.56, 270],
		[77, "Q3_1", 1614.66, -1926.55, "T", "DIP", "$1N12198", "", "R", 35.43, 62.99, 27.56, 270],
		[78, "Q3_1", 1614.66, -1926.55, "B", "DIP", "$1N12198", "", "R", 35.43, 62.99, 27.56, 270],
		[79, "Q3_2", 1614.66, -1976.55, "T", "DIP", "$1N10174", "", "O", 35.43, 62.99, 27.56, 270],
		[80, "Q3_2", 1614.66, -1976.55, "B", "DIP", "$1N10174", "", "O", 35.43, 62.99, 27.56, 270],
		[81, "Q3_3", 1614.66, -2026.55, "T", "DIP", "GND", "GND", "O", 35.43, 62.99, 27.56, 270],
		[82, "Q3_3", 1614.66, -2026.55, "B", "DIP", "GND", "GND", "O", 35.43, 62.99, 27.56, 270],
		[83, "Q4_1", 1614.66, -1706.55, "T", "DIP", "$1N11315", "", "R", 35.43, 62.99, 27.56, 270],
		[84, "Q4_1", 1614.66, -1706.55, "B", "DIP", "$1N11315", "", "R", 35.43, 62.99, 27.56, 270],
		[85, "Q4_2", 1614.66, -1756.55, "T", "DIP", "$1N11313", "", "O", 35.43, 62.99, 27.56, 270],
		[86, "Q4_2", 1614.66, -1756.55, "B", "DIP", "$1N11313", "", "O", 35.43, 62.99, 27.56, 270],
		[87, "Q4_3", 1614.66, -1806.55, "T", "DIP", "GND", "GND", "O", 35.43, 62.99, 27.56, 270],
		[88, "Q4_3", 1614.66, -1806.55, "B", "DIP", "GND", "GND", "O", 35.43, 62.99, 27.56, 270],
		[89, "Q5_1", 1614.66, -1486.55, "T", "DIP", "$1N10200", "", "R", 35.43, 62.99, 27.56, 270],
		[90, "Q5_1", 1614.66, -1486.55, "B", "DIP", "$1N10200", "", "R", 35.43, 62.99, 27.56, 270],
		[91, "Q5_2", 1614.66, -1536.55, "T", "DIP", "$1N10193", "", "O", 35.43, 62.99, 27.56, 270],
		[92, "Q5_2", 1614.66, -1536.55, "B", "DIP", "$1N10193", "", "O", 35.43, 62.99, 27.56, 270],
		[93, "Q5_3", 1614.66, -1586.55, "T", "DIP", "GND", "GND", "O", 35.43, 62.99, 27.56, 270],
		[94, "Q5_3", 1614.66, -1586.55, "B", "DIP", "GND", "GND", "O", 35.43, 62.99, 27.56, 270],
		[95, "R1_1", 590, -218.31, "T", "DIP", "$1N10623", "", "C", 55.12, 55.12, 27.56, 270],
		[96, "R1_1", 590, -218.31, "B", "DIP", "$1N10623", "", "C", 55.12, 55.12, 27.56, 270],
		[97, "R1_2", 590, -631.69, "T", "DIP", "$1N1221", "", "C", 55.12, 55.12, 27.56, 270],
		[98, "R1_2", 590, -631.69, "B", "DIP", "$1N1221", "", "C", 55.12, 55.12, 27.56, 270],
		[99, "R2_1", 470, -218.31, "T", "DIP", "$1N17035", "", "C", 55.12, 55.12, 27.56, 270],
		[100, "R2_1", 470, -218.31, "B", "DIP", "$1N17035", "", "C", 55.12, 55.12, 27.56, 270],
		[101, "R2_2", 470, -631.69, "T", "DIP", "ESPNOW_LED+", "", "C", 55.12, 55.12, 27.56, 270],
		[102, "R2_2", 470, -631.69, "B", "DIP", "ESPNOW_LED+", "", "C", 55.12, 55.12, 27.56, 270],
		[103, "R3_1", 350, -631.69, "T", "DIP", "+5V", "", "C", 55.12, 55.12, 27.56, 90],
		[104, "R3_1", 350, -631.69, "B", "DIP", "+5V", "", "C", 55.12, 55.12, 27.56, 90],
		[105, "R3_2", 350, -218.31, "T", "DIP", "$1N17025", "", "C", 55.12, 55.12, 27.56, 90],
		[106, "R3_2", 350, -218.31, "B", "DIP", "$1N17025", "", "C", 55.12, 55.12, 27.56, 90],
		[107, "R4_1", 601.35, -991.55, "T", "DIP", "GND", "GND", "C", 55.12, 55.12, 27.56, 180],
		[108, "R4_1", 601.35, -991.55, "B", "DIP", "GND", "GND", "C", 55.12, 55.12, 27.56, 180],
		[109, "R4_2", 187.97, -991.55, "T", "DIP", "$1N2036", "", "C", 55.12, 55.12, 27.56, 180],
		[110, "R4_2", 187.97, -991.55, "B", "DIP", "$1N2036", "", "C", 55.12, 55.12, 27.56, 180],
		[111, "R5_1", 187.97, -856.55, "T", "DIP", "$1N2036", "", "C", 55.12, 55.12, 27.56, 0],
		[112, "R5_1", 187.97, -856.55, "B", "DIP", "$1N2036", "", "C", 55.12, 55.12, 27.56, 0],
		[113, "R5_2", 601.35, -856.55, "T", "DIP", "BATT_SUPPLY", "", "C", 55.12, 55.12, 27.56, 0],
		[114, "R5_2", 601.35, -856.55, "B", "DIP", "BATT_SUPPLY", "", "C", 55.12, 55.12, 27.56, 0],
		[115, "R6_1", 1097.97, -2251.55, "T", "DIP", "MOTOR_A_SIGNAL-", "", "C", 55.12, 55.12, 27.56, 0],
		[116, "R6_1", 1097.97, -2251.55, "B", "DIP", "MOTOR_A_SIGNAL-", "", "C", 55.12, 55.12, 27.56, 0],
		[117, "R6_2", 1511.35, -2251.55, "T", "DIP", "$1N10175", "", "C", 55.12, 55.12, 27.56, 0],
		[118, "R6_2", 1511.35, -2251.55, "B", "DIP", "$1N10175", "", "C", 55.12, 55.12, 27.56, 0],
		[119, "R7_1", 1511.35, -2141.55, "T", "DIP", "$1N11419", "", "C", 55.12, 55.12, 27.56, 180],
		[120, "R7_1", 1511.35, -2141.55, "B", "DIP", "$1N11419", "", "C", 55.12, 55.12, 27.56, 180],
		[121, "R7_2", 1097.97, -2141.55, "T", "DIP", "+5V", "", "C", 55.12, 55.12, 27.56, 180],
		[122, "R7_2", 1097.97, -2141.55, "B", "DIP", "+5V", "", "C", 55.12, 55.12, 27.56, 180],
		[123, "R8_1", 1097.97, -2031.55, "T", "DIP", "MOTOR_A_SIGNAL+", "", "C", 55.12, 55.12, 27.56, 0],
		[124, "R8_1", 1097.97, -2031.55, "B", "DIP", "MOTOR_A_SIGNAL+", "", "C", 55.12, 55.12, 27.56, 0],
		[125, "R8_2", 1511.35, -2031.55, "T", "DIP", "$1N10174", "", "C", 55.12, 55.12, 27.56, 0],
		[126, "R8_2", 1511.35, -2031.55, "B", "DIP", "$1N10174", "", "C", 55.12, 55.12, 27.56, 0],
		[127, "R9_1", 1511.35, -1921.55, "T", "DIP", "$1N12198", "", "C", 55.12, 55.12, 27.56, 180],
		[128, "R9_1", 1511.35, -1921.55, "B", "DIP", "$1N12198", "", "C", 55.12, 55.12, 27.56, 180],
		[129, "R9_2", 1097.97, -1921.55, "T", "DIP", "+5V", "", "C", 55.12, 55.12, 27.56, 180],
		[130, "R9_2", 1097.97, -1921.55, "B", "DIP", "+5V", "", "C", 55.12, 55.12, 27.56, 180],
		[131, "R10_1", 1097.97, -1811.55, "T", "DIP", "MOTOR_B_SIGNAL+", "", "C", 55.12, 55.12, 27.56, 0],
		[132, "R10_1", 1097.97, -1811.55, "B", "DIP", "MOTOR_B_SIGNAL+", "", "C", 55.12, 55.12, 27.56, 0],
		[133, "R10_2", 1511.35, -1811.55, "T", "DIP", "$1N11313", "", "C", 55.12, 55.12, 27.56, 0],
		[134, "R10_2", 1511.35, -1811.55, "B", "DIP", "$1N11313", "", "C", 55.12, 55.12, 27.56, 0],
		[135, "R11_1", 1511.35, -1701.55, "T", "DIP", "$1N11315", "", "C", 55.12, 55.12, 27.56, 180],
		[136, "R11_1", 1511.35, -1701.55, "B", "DIP", "$1N11315", "", "C", 55.12, 55.12, 27.56, 180],
		[137, "R11_2", 1097.97, -1701.55, "T", "DIP", "+5V", "", "C", 55.12, 55.12, 27.56, 180],
		[138, "R11_2", 1097.97, -1701.55, "B", "DIP", "+5V", "", "C", 55.12, 55.12, 27.56, 180],
		[139, "R12_1", 1097.97, -1591.55, "T", "DIP", "MOTOR_B_SIGNAL-", "", "C", 55.12, 55.12, 27.56, 0],
		[140, "R12_1", 1097.97, -1591.55, "B", "DIP", "MOTOR_B_SIGNAL-", "", "C", 55.12, 55.12, 27.56, 0],
		[141, "R12_2", 1511.35, -1591.55, "T", "DIP", "$1N10193", "", "C", 55.12, 55.12, 27.56, 0],
		[142, "R12_2", 1511.35, -1591.55, "B", "DIP", "$1N10193", "", "C", 55.12, 55.12, 27.56, 0],
		[143, "R13_1", 1511.35, -1481.55, "T", "DIP", "$1N10200", "", "C", 55.12, 55.12, 27.56, 180],
		[144, "R13_1", 1511.35, -1481.55, "B", "DIP", "$1N10200", "", "C", 55.12, 55.12, 27.56, 180],
		[145, "R13_2", 1097.97, -1481.55, "T", "DIP", "+5V", "", "C", 55.12, 55.12, 27.56, 180],
		[146, "R13_2", 1097.97, -1481.55, "B", "DIP", "+5V", "", "C", 55.12, 55.12, 27.56, 180],
		[147, "SWITCH_CONNECTOR_1", 860, -130, "T", "DIP", "BATT_SUPPLY", "", "R", 70.87, 70.87, 47.24, 180],
		[148, "SWITCH_CONNECTOR_1", 860, -130, "B", "DIP", "BATT_SUPPLY", "", "R", 70.87, 70.87, 47.24, 180],
		[149, "SWITCH_CONNECTOR_2", 760, -130, "T", "DIP", "$1N11580", "", "C", 70.87, 70.87, 47.24, 180],
		[150, "SWITCH_CONNECTOR_2", 760, -130, "B", "DIP", "$1N11580", "", "C", 70.87, 70.87, 47.24, 180],
		[151, "U1_1", 1104.99, -144.81, "T", "DIP", "BATT_SUPPLY", "", "R", 70.87, 102.36, 47.24, 0],
		[152, "U1_1", 1104.99, -144.81, "B", "DIP", "BATT_SUPPLY", "", "R", 70.87, 102.36, 47.24, 0],
		[153, "U1_2", 1204.99, -144.81, "T", "DIP", "GND", "GND", "O", 70.87, 102.36, 47.24, 0],
		[154, "U1_2", 1204.99, -144.81, "B", "DIP", "GND", "GND", "O", 70.87, 102.36, 47.24, 0],
		[155, "U1_3", 1305, -145.19, "T", "DIP", "$1N10623", "", "O", 70.87, 102.36, 47.24, 0],
		[156, "U1_3", 1305, -145.19, "B", "DIP", "$1N10623", "", "O", 70.87, 102.36, 47.24, 0],
		[157, "U2_1", 1045, -315, "T", "DIP", "U2_1", "", "R", 70.87, 70.87, 39.37, 180],
		[158, "U2_1", 1045, -315, "B", "DIP", "U2_1", "", "R", 70.87, 70.87, 39.37, 180],
		[159, "U2_2", 945, -315, "T", "DIP", "+5V", "", "C", 70.87, 70.87, 39.37, 180],
		[160, "U2_2", 945, -315, "B", "DIP", "+5V", "", "C", 70.87, 70.87, 39.37, 180],
		[161, "U2_3", 845, -315, "T", "DIP", "$1N10623", "", "C", 70.87, 70.87, 39.37, 180],
		[162, "U2_3", 845, -315, "B", "DIP", "$1N10623", "", "C", 70.87, 70.87, 39.37, 180],
		[163, "U2_4", 745, -315, "T", "DIP", "GND", "GND", "C", 70.87, 70.87, 39.37, 180],
		[164, "U2_4", 745, -315, "B", "DIP", "GND", "GND", "C", 70.87, 70.87, 39.37, 180],
		[165, "U2_5", 745, -615, "T", "DIP", "U2_5", "", "C", 70.87, 70.87, 39.37, 180],
		[166, "U2_5", 745, -615, "B", "DIP", "U2_5", "", "C", 70.87, 70.87, 39.37, 180],
		[167, "U2_6", 845, -615, "T", "DIP", "$1N1221", "", "C", 70.87, 70.87, 39.37, 180],
		[168, "U2_6", 845, -615, "B", "DIP", "$1N1221", "", "C", 70.87, 70.87, 39.37, 180],
		[169, "U2_7", 945, -615, "T", "DIP", "BATT_SUPPLY", "", "C", 70.87, 70.87, 39.37, 180],
		[170, "U2_7", 945, -615, "B", "DIP", "BATT_SUPPLY", "", "C", 70.87, 70.87, 39.37, 180],
		[171, "U2_8", 1045, -615, "T", "DIP", "U2_8", "", "C", 70.87, 70.87, 39.37, 180],
		[172, "U2_8", 1045, -615, "B", "DIP", "U2_8", "", "C", 70.87, 70.87, 39.37, 180],
		[173, "U3_1", 1174.66, -1161.55, "T", "DIP", "+5V", "", "C", 62.99, 62.99, 39.37, 90],
		[174, "U3_1", 1174.66, -1161.55, "B", "DIP", "+5V", "", "C", 62.99, 62.99, 39.37, 90],
		[175, "U3_2", 1274.66, -1161.55, "T", "DIP", "$1N12198", "", "C", 62.99, 62.99, 39.37, 90],
		[176, "U3_2", 1274.66, -1161.55, "B", "DIP", "$1N12198", "", "C", 62.99, 62.99, 39.37, 90],
		[177, "U3_3", 1374.66, -1161.55, "T", "DIP", "$1N11647", "", "C", 62.99, 62.99, 39.37, 90],
		[178, "U3_3", 1374.66, -1161.55, "B", "DIP", "$1N11647", "", "C", 62.99, 62.99, 39.37, 90],
		[179, "U3_4", 1474.66, -1161.55, "T", "DIP", "GND", "GND", "C", 62.99, 62.99, 39.37, 90],
		[180, "U3_4", 1474.66, -1161.55, "B", "DIP", "GND", "GND", "C", 62.99, 62.99, 39.37, 90],
		[181, "U3_5", 1574.66, -1161.55, "T", "DIP", "GND", "GND", "C", 62.99, 62.99, 39.37, 90],
		[182, "U3_5", 1574.66, -1161.55, "B", "DIP", "GND", "GND", "C", 62.99, 62.99, 39.37, 90],
		[183, "U3_6", 1674.66, -1161.55, "T", "DIP", "$1N11652", "", "C", 62.99, 62.99, 39.37, 90],
		[184, "U3_6", 1674.66, -1161.55, "B", "DIP", "$1N11652", "", "C", 62.99, 62.99, 39.37, 90],
		[185, "U3_7", 1774.66, -1161.55, "T", "DIP", "$1N11419", "", "C", 62.99, 62.99, 39.37, 90],
		[186, "U3_7", 1774.66, -1161.55, "B", "DIP", "$1N11419", "", "C", 62.99, 62.99, 39.37, 90],
		[187, "U3_8", 1874.66, -1161.55, "T", "DIP", "+5V", "", "C", 62.99, 62.99, 39.37, 90],
		[188, "U3_8", 1874.66, -1161.55, "B", "DIP", "+5V", "", "C", 62.99, 62.99, 39.37, 90],
		[189, "U3_9", 1874.66, -861.55, "T", "DIP", "+5V", "", "C", 62.99, 62.99, 39.37, 90],
		[190, "U3_9", 1874.66, -861.55, "B", "DIP", "+5V", "", "C", 62.99, 62.99, 39.37, 90],
		[191, "U3_10", 1774.66, -861.55, "T", "DIP", "$1N10200", "", "C", 62.99, 62.99, 39.37, 90],
		[192, "U3_10", 1774.66, -861.55, "B", "DIP", "$1N10200", "", "C", 62.99, 62.99, 39.37, 90],
		[193, "U3_11", 1674.66, -861.55, "T", "DIP", "$1N11623", "", "C", 62.99, 62.99, 39.37, 90],
		[194, "U3_11", 1674.66, -861.55, "B", "DIP", "$1N11623", "", "C", 62.99, 62.99, 39.37, 90],
		[195, "U3_12", 1574.66, -861.55, "T", "DIP", "GND", "GND", "C", 62.99, 62.99, 39.37, 90],
		[196, "U3_12", 1574.66, -861.55, "B", "DIP", "GND", "GND", "C", 62.99, 62.99, 39.37, 90],
		[197, "U3_13", 1474.66, -861.55, "T", "DIP", "GND", "GND", "C", 62.99, 62.99, 39.37, 90],
		[198, "U3_13", 1474.66, -861.55, "B", "DIP", "GND", "GND", "C", 62.99, 62.99, 39.37, 90],
		[199, "U3_14", 1374.66, -861.55, "T", "DIP", "$1N11617", "", "C", 62.99, 62.99, 39.37, 90],
		[200, "U3_14", 1374.66, -861.55, "B", "DIP", "$1N11617", "", "C", 62.99, 62.99, 39.37, 90],
		[201, "U3_15", 1274.66, -861.55, "T", "DIP", "$1N11315", "", "C", 62.99, 62.99, 39.37, 90],
		[202, "U3_15", 1274.66, -861.55, "B", "DIP", "$1N11315", "", "C", 62.99, 62.99, 39.37, 90],
		[203, "U3_16", 1174.66, -861.55, "T", "DIP", "+5V", "", "C", 62.99, 62.99, 39.37, 90],
		[204, "U3_16", 1174.66, -861.55, "B", "DIP", "+5V", "", "C", 62.99, 62.99, 39.37, 90],
		[205, "U5_1", 54.66, -856.55, "T", "DIP", "$1N2036", "", "R", 62.99, 62, 39.37, 270],
		[206, "U5_1", 54.66, -856.55, "B", "DIP", "$1N2036", "", "R", 62.99, 62, 39.37, 270],
		[207, "U5_2", 54.66, -956.55, "T", "DIP", "U5_2", "", "C", 62.99, 62.99, 39.37, 270],
		[208, "U5_2", 54.66, -956.55, "B", "DIP", "U5_2", "", "C", 62.99, 62.99, 39.37, 270],
		[209, "U5_3", 54.66, -1056.55, "T", "DIP", "U5_3", "", "C", 62.99, 62.99, 39.37, 270],
		[210, "U5_3", 54.66, -1056.55, "B", "DIP", "U5_3", "", "C", 62.99, 62.99, 39.37, 270],
		[211, "U5_4", 54.66, -1156.55, "T", "DIP", "$1N14456", "", "C", 62.99, 62.99, 39.37, 270],
		[212, "U5_4", 54.66, -1156.55, "B", "DIP", "$1N14456", "", "C", 62.99, 62.99, 39.37, 270],
		[213, "U5_5", 54.66, -1256.55, "T", "DIP", "$1N14458", "", "C", 62.99, 62.99, 39.37, 270],
		[214, "U5_5", 54.66, -1256.55, "B", "DIP", "$1N14458", "", "C", 62.99, 62.99, 39.37, 270],
		[215, "U5_6", 54.66, -1356.55, "T", "DIP", "$1N14460", "", "C", 62.99, 62.99, 39.37, 270],
		[216, "U5_6", 54.66, -1356.55, "B", "DIP", "$1N14460", "", "C", 62.99, 62.99, 39.37, 270],
		[217, "U5_7", 54.66, -1456.55, "T", "DIP", "$1N17013", "", "C", 62.99, 62.99, 39.37, 270],
		[218, "U5_7", 54.66, -1456.55, "B", "DIP", "$1N17013", "", "C", 62.99, 62.99, 39.37, 270],
		[219, "U5_8", 54.66, -1556.55, "T", "DIP", "$1N14464", "", "C", 62.99, 62.99, 39.37, 270],
		[220, "U5_8", 54.66, -1556.55, "B", "DIP", "$1N14464", "", "C", 62.99, 62.99, 39.37, 270],
		[221, "U5_9", 54.66, -1656.55, "T", "DIP", "$1N14466", "", "C", 62.99, 62.99, 39.37, 270],
		[222, "U5_9", 54.66, -1656.55, "B", "DIP", "$1N14466", "", "C", 62.99, 62.99, 39.37, 270],
		[223, "U5_10", 54.66, -1756.55, "T", "DIP", "U5_10", "", "C", 62.99, 62.99, 39.37, 270],
		[224, "U5_10", 54.66, -1756.55, "B", "DIP", "U5_10", "", "C", 62.99, 62.99, 39.37, 270],
		[225, "U5_11", 54.66, -1856.55, "T", "DIP", "U5_11", "", "C", 62.99, 62.99, 39.37, 270],
		[226, "U5_11", 54.66, -1856.55, "B", "DIP", "U5_11", "", "C", 62.99, 62.99, 39.37, 270],
		[227, "U5_12", 54.66, -1956.55, "T", "DIP", "$1N14472", "", "C", 62.99, 62.99, 39.37, 270],
		[228, "U5_12", 54.66, -1956.55, "B", "DIP", "$1N14472", "", "C", 62.99, 62.99, 39.37, 270],
		[229, "U5_13", 54.66, -2056.55, "T", "DIP", "$1N14474", "", "C", 62.99, 62.99, 39.37, 270],
		[230, "U5_13", 54.66, -2056.55, "B", "DIP", "$1N14474", "", "C", 62.99, 62.99, 39.37, 270],
		[231, "U5_14", 54.66, -2156.55, "T", "DIP", "GND", "GND", "C", 62.99, 62.99, 39.37, 270],
		[232, "U5_14", 54.66, -2156.55, "B", "DIP", "GND", "GND", "C", 62.99, 62.99, 39.37, 270],
		[233, "U5_15", 54.66, -2256.55, "T", "DIP", "$1N11035", "", "C", 62.99, 62.99, 39.37, 270],
		[234, "U5_15", 54.66, -2256.55, "B", "DIP", "$1N11035", "", "C", 62.99, 62.99, 39.37, 270],
		[235, "U6_1", 954.64, -2256.55, "T", "DIP", "U6_1", "", "R", 62.99, 62, 39.37, 90],
		[236, "U6_1", 954.64, -2256.55, "B", "DIP", "U6_1", "", "R", 62.99, 62, 39.37, 90],
		[237, "U6_2", 954.64, -2156.55, "T", "DIP", "U6_2", "", "C", 62.99, 62.99, 39.37, 90],
		[238, "U6_2", 954.64, -2156.55, "B", "DIP", "U6_2", "", "C", 62.99, 62.99, 39.37, 90],
		[239, "U6_3", 954.64, -2056.55, "T", "DIP", "$1N15015", "", "C", 62.99, 62.99, 39.37, 90],
		[240, "U6_3", 954.64, -2056.55, "B", "DIP", "$1N15015", "", "C", 62.99, 62.99, 39.37, 90],
		[241, "U6_4", 954.64, -1956.55, "T", "DIP", "$1N15020", "", "C", 62.99, 62.99, 39.37, 90],
		[242, "U6_4", 954.64, -1956.55, "B", "DIP", "$1N15020", "", "C", 62.99, 62.99, 39.37, 90],
		[243, "U6_5", 954.64, -1856.55, "T", "DIP", "$1N14901", "", "C", 62.99, 62.99, 39.37, 90],
		[244, "U6_5", 954.64, -1856.55, "B", "DIP", "$1N14901", "", "C", 62.99, 62.99, 39.37, 90],
		[245, "U6_6", 954.64, -1756.55, "T", "DIP", "$1N14895", "", "C", 62.99, 62.99, 39.37, 90],
		[246, "U6_6", 954.64, -1756.55, "B", "DIP", "$1N14895", "", "C", 62.99, 62.99, 39.37, 90],
		[247, "U6_7", 954.64, -1656.55, "T", "DIP", "MOTOR_A_SIGNAL-", "", "C", 62.99, 62.99, 39.37, 90],
		[248, "U6_7", 954.64, -1656.55, "B", "DIP", "MOTOR_A_SIGNAL-", "", "C", 62.99, 62.99, 39.37, 90],
		[249, "U6_8", 954.64, -1556.55, "T", "DIP", "MOTOR_A_SIGNAL+", "", "C", 62.99, 62.99, 39.37, 90],
		[250, "U6_8", 954.64, -1556.55, "B", "DIP", "MOTOR_A_SIGNAL+", "", "C", 62.99, 62.99, 39.37, 90],
		[251, "U6_9", 954.64, -1456.55, "T", "DIP", "U6_9", "", "C", 62.99, 62.99, 39.37, 90],
		[252, "U6_9", 954.64, -1456.55, "B", "DIP", "U6_9", "", "C", 62.99, 62.99, 39.37, 90],
		[253, "U6_10", 954.64, -1356.55, "T", "DIP", "U6_10", "", "C", 62.99, 62.99, 39.37, 90],
		[254, "U6_10", 954.64, -1356.55, "B", "DIP", "U6_10", "", "C", 62.99, 62.99, 39.37, 90],
		[255, "U6_11", 954.64, -1256.55, "T", "DIP", "ESPNOW_LED+", "", "C", 62.99, 62.99, 39.37, 90],
		[256, "U6_11", 954.64, -1256.55, "B", "DIP", "ESPNOW_LED+", "", "C", 62.99, 62.99, 39.37, 90],
		[257, "U6_12", 954.64, -1156.55, "T", "DIP", "MOTOR_B_SIGNAL+", "", "C", 62.99, 62.99, 39.37, 90],
		[258, "U6_12", 954.64, -1156.55, "B", "DIP", "MOTOR_B_SIGNAL+", "", "C", 62.99, 62.99, 39.37, 90],
		[259, "U6_13", 954.64, -1056.55, "T", "DIP", "MOTOR_B_SIGNAL-", "", "C", 62.99, 62.99, 39.37, 90],
		[260, "U6_13", 954.64, -1056.55, "B", "DIP", "MOTOR_B_SIGNAL-", "", "C", 62.99, 62.99, 39.37, 90],
		[261, "U6_14", 954.64, -956.55, "T", "DIP", "$1N14889", "", "C", 62.99, 62.99, 39.37, 90],
		[262, "U6_14", 954.64, -956.55, "B", "DIP", "$1N14889", "", "C", 62.99, 62.99, 39.37, 90],
		[263, "U6_15", 954.64, -856.55, "T", "DIP", "$1N14884", "", "C", 62.99, 62.99, 39.37, 90],
		[264, "U6_15", 954.64, -856.55, "B", "DIP", "$1N14884", "", "C", 62.99, 62.99, 39.37, 90],
		[265, "U7_1", 1685, -2535, "T", "DIP", "$1N15020", "", "R", 66.93, 66.93, 39.37, 270],
		[266, "U7_1", 1685, -2535, "B", "DIP", "$1N15020", "", "R", 66.93, 66.93, 39.37, 270],
		[267, "U7_2", 1685, -2635, "T", "DIP", "$1N15015", "", "C", 66.93, 66.93, 39.37, 270],
		[268, "U7_2", 1685, -2635, "B", "DIP", "$1N15015", "", "C", 66.93, 66.93, 39.37, 270],
		[269, "U8_1", 925, -2635, "T", "DIP", "$1N14474", "", "R", 66.93, 66.93, 39.37, 90],
		[270, "U8_1", 925, -2635, "B", "DIP", "$1N14474", "", "R", 66.93, 66.93, 39.37, 90],
		[271, "U8_2", 925, -2535, "T", "DIP", "$1N14472", "", "C", 66.93, 66.93, 39.37, 90],
		[272, "U8_2", 925, -2535, "B", "DIP", "$1N14472", "", "C", 66.93, 66.93, 39.37, 90]
	]
}
}